job_title,location,company_name,website,email,phone
Fusion Finance SME,Riyadh - Saudi Arabia,Mind Pool Technologies,,,
Full Stack Web Developer ,"Riyadh, Al Khobar - Saudi Arabia",Vision & Innovation for Information Technology Systems,,,
Sr. Drupal Developer,Riyadh - Saudi Arabia,Saudi Business Machines Limited,,,
SharePoint Administrator,Saudi Arabia - Saudi Arabia,Saudi Business Machines Limited,,,
SharePoint Developer,Saudi Arabia - Saudi Arabia,Saudi Business Machines Limited,,,
Presales Infra Engineer,Saudi Arabia - Saudi Arabia,Saudi Business Machines Limited,,,
Senior Software Engineer,"Saudi Arabia, Riyadh - Saudi Arabia",Benta Arabia,,,
Software Engineer,"Saudi Arabia, Riyadh - Saudi Arabia",S&A Marketing Agency,,,
Security Software Engineer,"Saudi Arabia, Riyadh - Saudi Arabia",Canonical,,,
"Software Engineer, Telemetry",Saudi Arabia - Saudi Arabia,Canonical,,,
Software Engineer - Identity Management for Canonical Products,Saudi Arabia - Saudi Arabia,Canonical,,,
Security Software Engineer,Saudi Arabia - Saudi Arabia,Canonical,,,
Software Engineer - SaaS (launchpad.net),"Saudi Arabia, Riyadh - Saudi Arabia",Canonical,,,
Web Developer - EXCO Company,"Saudi Arabia, Riyadh - Saudi Arabia",D4DS,,,
Staff Software Engineer,"Saudi Arabia, Riyadh - Saudi Arabia",Sumerge,,,
Software Engineer - SaaS (launchpad.net),"Saudi Arabia, Riyadh - Saudi Arabia",Canonical,,,
Software Engineer - SaaS (launchpad.net),Saudi Arabia - Saudi Arabia,Canonical,,,
"Software Engineer, Telemetry","Saudi Arabia, Riyadh - Saudi Arabia",Canonical,,,
Software Engineer - App Stores Backend (Remote),"Saudi Arabia, Riyadh - Saudi Arabia",Canonical,,,
"Software Engineer, Telemetry",Saudi Arabia - Saudi Arabia,Canonical,,,
Software Engineer,"Saudi Arabia, Riyadh - Saudi Arabia",S&A Marketing Agency,,,
Senior Engine Programmer - Console,"Saudi Arabia, Riyadh - Saudi Arabia",Games Factory Talents | Connecting Passion & Talent,,,
Software Engineer - Python/Golang - Kubernetes,"Saudi Arabia, Riyadh - Saudi Arabia",Canonical,,,
Streaming Software Developer,"Saudi Arabia, Riyadh - Saudi Arabia",UXBERT Usability Lab,,,
Software Engineer - Python/Golang - Kubernetes,Saudi Arabia - Saudi Arabia,Canonical,,,
Software Engineer - SaaS (launchpad.net),Saudi Arabia - Saudi Arabia,Canonical,,,
Junior Software Engineer,"Saudi Arabia, Riyadh - Saudi Arabia",UXBERT Usability Lab,,,
Software Engineer - Digital Workplace,"Saudi Arabia, Riyadh - Saudi Arabia",Canonical,,,
Quality Assurance (QA) Software Engineer,"Saudi Arabia, Riyadh - Saudi Arabia",UXBERT Usability Lab,,,
"Software Engineer, Telemetry","Saudi Arabia, Riyadh - Saudi Arabia",Canonical,,,
Software Engineer - SaaS (launchpad.net),Saudi Arabia - Saudi Arabia,Canonical,,,
"System Software Engineer - Rust compiler, tooling, and ecosystem","Saudi Arabia, Riyadh - Saudi Arabia",Canonical,,,
Software Engineer (Python/Linux/Packaging),"Saudi Arabia, Riyadh - Saudi Arabia",Canonical,,,
"Senior Support & Software Engineer, Saudi Arabia","Saudi Arabia, Riyadh - Saudi Arabia",Canonical,,,
Streaming Software Developer,"Saudi Arabia, Riyadh - Saudi Arabia",UXBERT Usability Lab,,,
"Senior Support & Software Engineer, Saudi Arabia",Saudi Arabia - Saudi Arabia,Canonical,,,
Software Engineer (Python/Linux/Packaging),Saudi Arabia - Saudi Arabia,Canonical,,,
Software Engineer - Digital Workplace,"Saudi Arabia, Riyadh - Saudi Arabia",Canonical,,,
"Senior Support & Software Engineer, Saudi Arabia","Saudi Arabia, Riyadh - Saudi Arabia",Canonical,,,
Software Engineer - iOS,"Saudi Arabia, Riyadh - Saudi Arabia",D360 Bank,,,
Junior Software Engineer,"Saudi Arabia, Riyadh - Saudi Arabia",webook.com | Fun Things To Do,,,
Quality Assurance (QA) Software Engineer,"Saudi Arabia, Riyadh - Saudi Arabia",UXBERT Usability Lab,,,
Junior Software Engineer,"Saudi Arabia, Riyadh - Saudi Arabia",UXBERT Usability Lab,,,
Software Engineer - SaaS (launchpad.net),"Saudi Arabia, Riyadh - Saudi Arabia",Canonical,,,
"Software Engineer, Telemetry","Saudi Arabia, Riyadh - Saudi Arabia",Canonical,,,
SAP HR - ABAP Applications Developers ,Al Khobar - Saudi Arabia,Al-Bilad Arabia Company Limited,,,
Software Engineer (Python/Linux/Packaging),Saudi Arabia - Saudi Arabia,Canonical,,,
Professional Web Developer,"Saudi Arabia, Jeddah - Saudi Arabia",Sun & Sea Co. Ltd.,,,
Full Stack Developer ,Other - Saudi Arabia - Saudi Arabia,E solutions It Services Private Limited,,,
Software Tester ,Al Khobar - Saudi Arabia,Al-Bilad Arabia Company Limited,,,
Full Stack Architect ,Other - Saudi Arabia - Saudi Arabia,E solutions It Services Private Limited,,,
Software Engineer - iOS,"Saudi Arabia, Riyadh - Saudi Arabia",D360 Bank,,,
SAP ABAP Consultant and UI5 ,Al Khobar - Saudi Arabia,Al-Bilad Arabia Company Limited,,,
"Sr. Software Engineer â JVM/Rust Expert (Bangkok-based, relocation provided)","Saudi Arabia, Riyadh - Saudi Arabia",Agoda,,,
"Sr. Software Engineer â JVM/Rust Expert (Bangkok-based, relocation provided)",Saudi Arabia - Saudi Arabia,Agoda,,,
Data Analyst/Programmer,"Saudi Arabia, Riyadh - Saudi Arabia",Mace,,,
Software Engineer - Talent Science,Saudi Arabia - Saudi Arabia,Canonical,,,
"NOC Software Engineer (Bangkok-based, Relocation Provided)","Saudi Arabia, Riyadh - Saudi Arabia",Agoda,,,
"Data & Systems Analyst, Programmer","Saudi Arabia, Jeddah - Saudi Arabia",Raytheon Technologies,,,
"Software Engineer, Telemetry",Saudi Arabia - Saudi Arabia,Canonical,,,
Junior Nework Engineer ,Riyadh - Saudi Arabia,Ateca Consulting,,,
Senior Database Engineer ,Riyadh - Saudi Arabia,Ateca Consulting,,,
NOC Software Engineer,"Saudi Arabia, Mecca - Saudi Arabia",Agoda,,,
Java Developer ,Other - Saudi Arabia - Saudi Arabia,Ateca Consulting,,,
KSA - Software Developer,"Saudi Arabia, Dammam - Saudi Arabia",nybl,,,
Software Developer,"Saudi Arabia, Riyadh - Saudi Arabia",SlneeIT,,,
Software Engineer - App Stores Backend (Remote),Saudi Arabia - Saudi Arabia,Canonical,,,
Software Engineer - App Stores Backend (Remote),"Saudi Arabia, Riyadh - Saudi Arabia",Canonical,,,
Storage and Backup Administrator ,Riyadh - Saudi Arabia,Ateca Consulting,,,
MS-Exchange and AD Expert,Riyadh - Saudi Arabia,Ateca Consulting,,,
Senior Software Engineer,"Saudi Arabia, Riyadh - Saudi Arabia",Mozn,,,
"NOC Software Engineer (Bangkok-based, Relocation Provided)",Saudi Arabia - Saudi Arabia,Agoda,,,
Software Engineer - Solutions Engineering,"Saudi Arabia, Riyadh - Saudi Arabia",Canonical,,,
"Software Engineer, Commercial Systems","Saudi Arabia, Riyadh - Saudi Arabia",Canonical,,,
Software Engineer - Data Infrastructure - OpenSearch/ElasticSearch,"Saudi Arabia, Riyadh - Saudi Arabia",Canonical,,,
Software Engineer - Data Infrastructure - OpenSearch/ElasticSearch,Saudi Arabia - Saudi Arabia,Canonical,,,
"Go Software Engineer, Commercial Systems","Saudi Arabia, Riyadh - Saudi Arabia",Canonical,,,
Java Software Developer - KSA,"Saudi Arabia, Riyadh - Saudi Arabia",Net-Recrute,,,
Senior Software Engineer,"Saudi Arabia, Riyadh - Saudi Arabia",Nuzul,,,
"Software Engineer, Commercial Systems",Saudi Arabia - Saudi Arabia,Canonical,,,
Software Engineer - Data Infrastructure - Kafka,Saudi Arabia - Saudi Arabia,Canonical,,,
C2 Systems Programmer,"Saudi Arabia, Jeddah - Saudi Arabia",Raytheon Technologies,,,
Av Engineering,"Saudi Arabia, Jeddah - Saudi Arabia",ICAD-KSA,,,
Senior Programmer / IT Support,"Saudi Arabia, Riyadh - Saudi Arabia",Craft Group,,,
Data Analyst/Programmer,"Saudi Arabia, Riyadh - Saudi Arabia",MACE Macro,,,
GoLang Engineer,"Saudi Arabia, Riyadh - Saudi Arabia",Crank Recruitment,,,
AR&VR Technical Manager,"Saudi Arabia, Riyadh - Saudi Arabia",SAMI,,,
ELV & ICT Engineer,"Saudi Arabia, Mecca - Saudi Arabia",ZAHRAN TECHNOLOGY,,,
Technical Author - Ubuntu and Canonical products,Saudi Arabia - Saudi Arabia,Canonical,,,
Golang Engineer,Saudi Arabia - Saudi Arabia,Canonical,,,
"Senior Site Reliability Engineer, EMEA",Saudi Arabia - Saudi Arabia,Canonical,,,
Containerization & Virtualisation Engineer,"Saudi Arabia, Riyadh - Saudi Arabia",Canonical,,,
Software-Defined Networking Engineer,"Saudi Arabia, Riyadh - Saudi Arabia",Canonical,,,
Kernel Engineer,"Saudi Arabia, Riyadh - Saudi Arabia",Canonical,,,
Golang Engineer,"Saudi Arabia, Riyadh - Saudi Arabia",Canonical,,,
Presales Engineer,"Saudi Arabia, Dammam - Saudi Arabia",Solutions by 42,,,
"Head of Software Development (AI-Enhanced Processes), Trilogy (Remote) - $400,000/year USD","Saudi Arabia, Riyadh - Saudi Arabia",Crossover,,,
"Head of AI-driven Software Development, Trilogy (Remote) - $400,000/year USD","Saudi Arabia, Riyadh - Saudi Arabia",Crossover,,,
Technical Lead,"Saudi Arabia, Riyadh - Saudi Arabia",UXBERT Usability Lab,,,
Technical Lead,"Saudi Arabia, Riyadh - Saudi Arabia",webook.com | Fun Things To Do,,,
Senior Observability Platform Developer - Python/Go,"Saudi Arabia, Riyadh - Saudi Arabia",Canonical,,,
Kernel Engineer,Saudi Arabia - Saudi Arabia,Canonical,,,
Containerization & Virtualisation Engineer,Saudi Arabia - Saudi Arabia,Canonical,,,
Software-Defined Networking Engineer,Saudi Arabia - Saudi Arabia,Canonical,,,
Senior Front End Developer with Angular,"Saudi Arabia, Jeddah - Saudi Arabia",CREALOGIX,,,
Fusion Finance SME,Riyadh - Saudi Arabia,Mind Pool Technologies,,,
Full Stack Web Developer ,"Riyadh, Al Khobar - Saudi Arabia",Vision & Innovation for Information Technology Systems,,,
Presales Infra Engineer,Saudi Arabia - Saudi Arabia,Saudi Business Machines Limited,,,
SharePoint Developer,Saudi Arabia - Saudi Arabia,Saudi Business Machines Limited,,,
SharePoint Administrator,Saudi Arabia - Saudi Arabia,Saudi Business Machines Limited,,,
Sr. Drupal Developer,Riyadh - Saudi Arabia,Saudi Business Machines Limited,,,
Senior Software Engineer,"Saudi Arabia, Riyadh - Saudi Arabia",Benta Arabia,,,
Software Engineer,"Saudi Arabia, Riyadh - Saudi Arabia",S&A Marketing Agency,,,
Web Developer - EXCO Company,"Saudi Arabia, Riyadh - Saudi Arabia",D4DS,,,
Software Engineer - Identity Management for Canonical Products,"Saudi Arabia, Riyadh - Saudi Arabia",Canonical,,,
Security Software Engineer,"Saudi Arabia, Riyadh - Saudi Arabia",Canonical,,,
Staff Software Engineer,"Saudi Arabia, Riyadh - Saudi Arabia",Sumerge,,,
Software Engineer - App Stores Backend (Remote),Saudi Arabia - Saudi Arabia,Canonical,,,
Security Software Engineer,Saudi Arabia - Saudi Arabia,Canonical,,,
Software Engineer - Identity Management for Canonical Products,Saudi Arabia - Saudi Arabia,Canonical,,,
Staff Software Engineer,"Saudi Arabia, Riyadh - Saudi Arabia",Sumerge,,,
Software Engineer - SaaS (launchpad.net),Saudi Arabia - Saudi Arabia,Canonical,,,
Web Developer - EXCO Company,"Saudi Arabia, Riyadh - Saudi Arabia",D4DS,,,
Software Engineer - Identity Management for Canonical Products,Saudi Arabia - Saudi Arabia,Canonical,,,
Software Engineer - Identity Management for Canonical Products,"Saudi Arabia, Riyadh - Saudi Arabia",Canonical,,,
"Software Engineer, Telemetry","Saudi Arabia, Riyadh - Saudi Arabia",Canonical,,,
Senior Engine Programmer - Console,"Saudi Arabia, Riyadh - Saudi Arabia",Games Factory Talents | Connecting Passion & Talent,,,
Software Engineer - SaaS (launchpad.net),"Saudi Arabia, Riyadh - Saudi Arabia",Canonical,,,
Associate Software Engineer,"Saudi Arabia, Riyadh - Saudi Arabia",D360 Bank,,,
"Senior Support & Software Engineer, Saudi Arabia","Saudi Arabia, Riyadh - Saudi Arabia",Canonical,,,
Senior Software Engineer,"Saudi Arabia, Riyadh - Saudi Arabia",Canonical,,,
Senior Software Engineer,Saudi Arabia - Saudi Arabia,Canonical,,,
Python Software Engineer - Ubuntu Hardware Certification Team,"Saudi Arabia, Riyadh - Saudi Arabia",Canonical,,,
Python Software Engineer - Ubuntu Hardware Certification Team,Saudi Arabia - Saudi Arabia,Canonical,,,
Software Engineer - SaaS (launchpad.net),Saudi Arabia - Saudi Arabia,Canonical,,,
Software Engineer - SaaS (launchpad.net),Saudi Arabia - Saudi Arabia,Canonical,,,
"System Software Engineer - Rust compiler, tooling, and ecosystem","Saudi Arabia, Riyadh - Saudi Arabia",Canonical,,,
Software Engineer (Python/Linux/Packaging),"Saudi Arabia, Riyadh - Saudi Arabia",Canonical,,,
"Senior Support & Software Engineer, Saudi Arabia","Saudi Arabia, Riyadh - Saudi Arabia",Canonical,,,
Streaming Software Developer,"Saudi Arabia, Riyadh - Saudi Arabia",UXBERT Usability Lab,,,
"Senior Support & Software Engineer, Saudi Arabia",Saudi Arabia - Saudi Arabia,Canonical,,,
Software Engineer (Python/Linux/Packaging),Saudi Arabia - Saudi Arabia,Canonical,,,
Software Engineer - Digital Workplace,"Saudi Arabia, Riyadh - Saudi Arabia",Canonical,,,
"Senior Support & Software Engineer, Saudi Arabia","Saudi Arabia, Riyadh - Saudi Arabia",Canonical,,,
Software Engineer - iOS,"Saudi Arabia, Riyadh - Saudi Arabia",D360 Bank,,,
Junior Software Engineer,"Saudi Arabia, Riyadh - Saudi Arabia",webook.com | Fun Things To Do,,,
Quality Assurance (QA) Software Engineer,"Saudi Arabia, Riyadh - Saudi Arabia",UXBERT Usability Lab,,,
Junior Software Engineer,"Saudi Arabia, Riyadh - Saudi Arabia",UXBERT Usability Lab,,,
Software Engineer - SaaS (launchpad.net),"Saudi Arabia, Riyadh - Saudi Arabia",Canonical,,,
"Software Engineer, Telemetry","Saudi Arabia, Riyadh - Saudi Arabia",Canonical,,,
Software Engineer (Python/Linux/Packaging),Saudi Arabia - Saudi Arabia,Canonical,,,
Software Engineer - iOS,"Saudi Arabia, Riyadh - Saudi Arabia",D360 Bank,,,
Professional Web Developer,"Saudi Arabia, Jeddah - Saudi Arabia",Sun & Sea Co. Ltd.,,,
"NOC Software Engineer (Bangkok-based, Relocation Provided)","Saudi Arabia, Riyadh - Saudi Arabia",Agoda,,,
"Sr. Software Engineer â JVM/Rust Expert (Bangkok-based, relocation provided)","Saudi Arabia, Riyadh - Saudi Arabia",Agoda,,,
SAP ABAP Consultant and UI5 ,Al Khobar - Saudi Arabia,Al-Bilad Arabia Company Limited,,,
Software Engineer - Talent Science,Saudi Arabia - Saudi Arabia,Canonical,,,
Full Stack Developer ,Other - Saudi Arabia - Saudi Arabia,E solutions It Services Private Limited,,,
Full Stack Architect ,Other - Saudi Arabia - Saudi Arabia,E solutions It Services Private Limited,,,
Data Analyst/Programmer,"Saudi Arabia, Riyadh - Saudi Arabia",Mace,,,
Software Tester ,Al Khobar - Saudi Arabia,Al-Bilad Arabia Company Limited,,,
"Sr. Software Engineer â JVM/Rust Expert (Bangkok-based, relocation provided)",Saudi Arabia - Saudi Arabia,Agoda,,,
"Software Engineer, Telemetry",Saudi Arabia - Saudi Arabia,Canonical,,,
SAP HR - ABAP Applications Developers ,Al Khobar - Saudi Arabia,Al-Bilad Arabia Company Limited,,,
"Data & Systems Analyst, Programmer","Saudi Arabia, Jeddah - Saudi Arabia",Raytheon Technologies,,,
NOC Software Engineer,"Saudi Arabia, Mecca - Saudi Arabia",Agoda,,,
Senior Software Engineer,"Saudi Arabia, Riyadh - Saudi Arabia",Mozn,,,
Software Engineer - App Stores Backend (Remote),Saudi Arabia - Saudi Arabia,Canonical,,,
Software Developer,"Saudi Arabia, Riyadh - Saudi Arabia",SlneeIT,,,
Software Engineer - App Stores Backend (Remote),"Saudi Arabia, Riyadh - Saudi Arabia",Canonical,,,
"NOC Software Engineer (Bangkok-based, Relocation Provided)","Saudi Arabia, Riyadh - Saudi Arabia",Agoda,,,
KSA - Software Developer,"Saudi Arabia, Dammam - Saudi Arabia",nybl,,,
"Software Engineer, Commercial Systems",Saudi Arabia - Saudi Arabia,Canonical,,,
Storage and Backup Administrator ,Riyadh - Saudi Arabia,Ateca Consulting,,,
MS-Exchange and AD Expert,Riyadh - Saudi Arabia,Ateca Consulting,,,
Java Developer ,Other - Saudi Arabia - Saudi Arabia,Ateca Consulting,,,
"Software Engineer, Commercial Systems","Saudi Arabia, Riyadh - Saudi Arabia",Canonical,,,
"Go Software Engineer, Commercial Systems","Saudi Arabia, Riyadh - Saudi Arabia",Canonical,,,
Senior Database Engineer ,Riyadh - Saudi Arabia,Ateca Consulting,,,
Junior Nework Engineer ,Riyadh - Saudi Arabia,Ateca Consulting,,,
Software Engineer - Data Infrastructure - OpenSearch/ElasticSearch,Saudi Arabia - Saudi Arabia,Canonical,,,
Java Software Developer - KSA,"Saudi Arabia, Riyadh - Saudi Arabia",Net-Recrute,,,
Software Engineer - Data Infrastructure - OpenSearch/ElasticSearch,"Saudi Arabia, Riyadh - Saudi Arabia",Canonical,,,
Software Engineer - Solutions Engineering,"Saudi Arabia, Riyadh - Saudi Arabia",Canonical,,,
Senior Software Engineer,"Saudi Arabia, Riyadh - Saudi Arabia",Nuzul,,,
"Software Engineer, Commercial Systems","Saudi Arabia, Riyadh - Saudi Arabia",Canonical,,,
Software Engineer - Data Infrastructure - Kafka,Saudi Arabia - Saudi Arabia,Canonical,,,
Technical Author - Ubuntu and Canonical products,Saudi Arabia - Saudi Arabia,Canonical,,,
ELV & ICT Engineer,"Saudi Arabia, Mecca - Saudi Arabia",ZAHRAN TECHNOLOGY,,,
GoLang Engineer,"Saudi Arabia, Riyadh - Saudi Arabia",Crank Recruitment,,,
C2 Systems Programmer,"Saudi Arabia, Jeddah - Saudi Arabia",Raytheon Technologies,,,
AR&VR Technical Manager,"Saudi Arabia, Riyadh - Saudi Arabia",SAMI,,,
Senior Programmer / IT Support,"Saudi Arabia, Riyadh - Saudi Arabia",Craft Group,,,
Data Analyst/Programmer,"Saudi Arabia, Riyadh - Saudi Arabia",MACE Macro,,,
Developer Relations Manager,Saudi Arabia - Saudi Arabia,Canonical,,,
Development Lifecycle Engineer,Saudi Arabia - Saudi Arabia,Canonical,,,
"Salesforce Engineering Manager, Commercial Systems","Saudi Arabia, Riyadh - Saudi Arabia",Canonical,,,
"Engineering Manager, Commercial Systems",Saudi Arabia - Saudi Arabia,Canonical,,,
"Salesforce Engineering Manager, Commercial Systems",Saudi Arabia - Saudi Arabia,Canonical,,,
Senior UX/UI Designer - Efigence,Saudi Arabia - Saudi Arabia,Talent Pal,,,
Community Engineer,"Saudi Arabia, Riyadh - Saudi Arabia",Canonical,,,
"Engineering Manager, Commercial Systems","Saudi Arabia, Riyadh - Saudi Arabia",Canonical,,,
Community Engineer,Saudi Arabia - Saudi Arabia,Canonical,,,
Developer Relations Manager,"Saudi Arabia, Riyadh - Saudi Arabia",Canonical,,,
